user_id,tech_id
82,1
185,2
198,3
179,4
37,5
102,6
176,7
36,8
3,9
7,10
184,11
116,12
202,13
151,14
115,15
182,16
58,17
165,18
42,19
126,20
26,21
81,22
129,23
91,24
129,25
68,26
198,27
48,28
156,29
166,30
186,31
206,32
87,33
112,34
152,35
212,36
99,37
157,38
48,39
20,40
74,41
204,42
4,43
97,44
114,45
76,46
202,47
83,48
148,49
137,50
181,51
118,52
35,53
16,54
92,55
95,56
141,57
84,58
117,59
214,60
173,61
67,62
112,63
88,64
122,65
141,66
37,67
14,68
167,69
102,70
166,71
76,72
138,73
124,74
163,75
142,76
22,77
206,78
20,79
148,80
56,81
39,82
42,83
6,84
64,85
45,86
35,87
165,88
158,89
108,90
67,91
223,92
197,93
87,94
196,95
147,96
141,97
71,98
202,99
16,100
138,101
180,102
149,103
162,104
31,105
114,106
185,107
222,108
159,109
93,110
44,111
170,112
19,113
98,114
34,115
139,116
134,117
22,118
169,119
75,120
46,121
108,122
143,123
158,124
70,125
46,126
176,127
54,128
101,129
155,130
102,131
186,132
34,133
183,134
69,135
219,136
186,137
130,138
215,139
87,140
147,141
172,142
130,143
181,144
77,145
102,146
76,147
205,148
116,149
39,150
107,151
191,152
114,153
66,154
117,155
64,156
78,157
81,158
111,159
191,160
209,161
200,162
93,163
74,164
114,165
58,166
95,167
213,168
126,169
161,170
13,171
42,172
31,173
208,174
169,175
184,176
14,177
30,178
208,179
153,180
122,181
190,182
215,183
119,184
125,185
163,186
61,187
225,188
170,189
219,190
100,191
107,192
116,193
221,194
194,195
135,196
192,197
136,198
110,199
190,200
64,201
149,202
18,203
186,204
130,205
77,206
147,207
24,208
126,209
57,210
39,211
213,212
170,213
194,214
44,215
148,216
105,217
86,218
110,219
209,220
206,221
78,222
53,223
113,224
215,225
135,226
175,227
112,228
64,229
23,230
183,231
22,232
30,233
127,234
168,235
43,236
199,237
145,238
99,239
83,240
123,241
83,242
165,243
209,244
181,245
218,246
117,247
148,248
114,249
74,250
184,251
119,252
208,253
168,254
11,255
95,256
15,257
105,258
167,259
168,260
91,261
200,262
36,263
50,264
36,265
208,266
17,267
42,268
43,269
17,270
83,271
116,272
39,273
174,274
113,275
63,276
213,277
16,278
160,279
5,280
199,281
59,282
187,283
119,284
85,285
159,286
22,287
84,288
193,289
148,290
164,291
149,292
65,293
218,294
87,295
121,296
27,297
215,298
38,299
104,300
157,301
177,302
12,303
122,304
165,305
95,306
42,307
19,308
100,309
170,310
178,311
170,312
171,313
24,314
203,315
55,316
158,317
3,318
153,319
11,320
97,321
197,322
93,323
135,324
28,325
58,326
212,327
71,328
133,329
169,330
40,331
148,332
219,333
166,334
76,335
179,336
1,337
21,338
74,339
211,340
58,341
107,342
157,343
101,344
204,345
174,346
25,347
3,348
12,349
191,350
184,351
221,352
56,353
153,354
89,355
172,356
56,357
93,358
51,359
217,360
6,361
211,362
221,363
192,364
123,365
206,366
196,367
72,368
215,369
207,370
206,371
170,372
90,373
20,374
168,375
109,376
125,377
138,378
115,379
18,380
115,381
23,382
206,383
36,384
137,385
120,386
146,387
143,388
56,389
117,390
208,391
94,392
26,393
86,394
222,395
107,396
104,397
63,398
207,399
131,400
202,401
65,402
123,403
40,404
62,405
53,406
219,407
126,408
201,409
106,410
127,411
171,412
4,413
34,414
209,415
93,416
222,417
176,418
200,419
143,420
214,421
36,422
193,423
220,424
154,425
8,426
58,427
168,428
81,429
195,430
195,431
61,432
182,433
201,434
71,435
82,436
224,437
85,438
116,439
193,440
169,441
57,442
121,443
203,444
132,445
116,446
122,447
174,448
38,449
109,450
4,451
115,452
21,453
202,454
85,455
191,456
120,457
33,458
161,459
174,460
213,461
138,462
222,463
181,464
180,465
196,466
73,467
11,468
64,469
25,470
78,471
166,472
202,473
63,474
74,475
223,476
107,477
144,478
136,479
213,480
11,481
148,482
131,483
65,484
214,485
99,486
204,487
203,488
33,489
122,490
59,491
142,492
174,493
102,494
185,495
158,496
81,497
119,498
115,499
14,500
31,501
217,502
159,503
182,504
147,505
38,506
173,507
83,508
16,509
128,510
157,511
3,512
153,513
117,514
117,515
184,516
206,517
45,518
223,519
94,520
26,521
35,522
175,523
190,524
76,525
64,526
63,527
210,528
48,529
182,530
168,531
16,532
13,533
224,534
22,535
26,536
58,537
191,538
222,539
63,540
23,541
225,542
225,543
171,544
224,545
105,546
29,547
177,548
194,549
165,550
28,551
135,552
159,553
214,554
62,555
143,556
74,557
23,558
150,559
163,560
55,561
68,562
217,563
62,564
119,565
222,566
26,567
64,568
46,569
127,570
163,571
47,572
81,573
225,574
4,575
10,576
181,577
172,578
178,579
1,580
41,581
179,582
58,583
178,584
177,585
27,586
172,587
214,588
90,589
208,590
220,591
17,592
193,593
158,594
169,595
190,596
199,597
161,598
176,599
71,600
100,601
117,602
26,603
31,604
39,605
39,606
8,607
36,608
205,609
199,610
117,611
75,612
215,613
164,614
19,615
190,616
162,617
71,618
173,619
164,620
112,621
97,622
199,623
65,624
70,625
94,626
36,627
188,628
80,629
180,630
211,631
68,632
34,633
187,634
55,635
24,636
187,637
218,638
119,639
17,640
16,641
56,642
56,643
135,644
196,645
105,646
85,647
224,648
41,649
7,650
155,651
148,652
122,653
49,654
119,655
121,656
105,657
16,658
88,659
86,660
5,661
93,662
164,663
191,664
37,665
102,666
184,667
113,668
8,669
123,670
188,671
131,672
26,673
223,674
117,675
176,676
203,677
141,678
217,679
212,680
110,681
216,682
162,683
62,684
124,685
12,686
128,687
26,688
70,689
56,690
103,691
164,692
68,693
140,694
195,695
174,696
108,697
102,698
79,699
197,700
126,701
30,702
67,703
159,704
4,705
30,706
24,707
169,708
125,709
84,710
224,711
93,712
60,713
178,714
30,715
28,716
116,717
167,718
155,719
90,720
102,721
77,722
197,723
42,724
113,725
129,726
158,727
93,728
110,729
61,730
10,731
138,732
39,733
134,734
68,735
93,736
2,737
225,738
200,739
151,740
41,741
3,742
65,743
4,744
189,745
62,746
104,747
178,748
123,749
185,750
222,751
223,752
45,753
214,754
216,755
117,756
137,757
223,758
6,759
221,760
96,761
217,762
155,763
147,764
82,765
168,766
202,767
175,768
112,769
159,770
185,771
27,772
151,773
196,774
170,775
30,776
50,777
123,778
17,779
199,780
195,781
30,782
28,783
162,784
219,785
122,786
202,787
181,788
222,789
185,790
188,791
58,792
95,793
18,794
221,795
6,796
125,797
34,798
212,799
136,800
223,801
166,802
220,803
135,804
127,805
173,806
30,807
168,808
148,809
53,810
131,811
112,812
187,813
106,814
57,815
147,816
78,817
76,818
36,819
115,820
211,821
33,822
89,823
64,824
211,825
76,826
54,827
48,828
198,829
220,830
138,831
56,832
78,833
57,834
152,835
96,836
24,837
39,838
173,839
170,840
159,841
211,842
8,843
201,844
108,845
201,846
103,847
2,848
129,849
58,850
156,851
109,852
118,853
61,854
176,855
72,856
218,857
174,858
78,859
178,860
135,861
150,862
198,863
164,864
29,865
218,866
168,867
146,868
135,869
131,870
67,871
141,872
189,873
130,874
38,875
18,876
194,877
168,878
169,879
163,880
196,881
7,882
111,883
17,884
83,885
164,886
173,887
196,888
43,889
164,890
72,891
49,892
181,893
42,894
105,895
36,896
216,897
68,898
114,899
177,900
74,901
199,902
210,903
118,904
206,905
153,906
84,907
48,908
16,909
218,910
217,911
154,912
50,913
126,914
113,915
134,916
107,917
12,918
26,919
143,920
177,921
151,922
30,923
43,924
184,925
175,926
8,927
75,928
217,929
81,930
10,931
111,932
184,933
203,934
149,935
193,936
74,937
57,938
77,939
29,940
106,941
72,942
36,943
105,944
79,945
216,946
122,947
77,948
148,949
14,950
46,951
206,952
53,953
202,954
32,955
158,956
141,957
118,958
130,959
132,960
101,961
68,962
84,963
25,964
80,965
126,966
218,967
130,968
119,969
117,970
105,971
49,972
36,973
56,974
34,975
168,976
79,977
172,978
27,979
11,980
221,981
145,982
153,983
136,984
214,985
151,986
192,987
49,988
201,989
125,990
31,991
125,992
185,993
35,994
18,995
218,996
66,997
127,998
159,999
183,1000
137,1001
134,1002
175,1003
62,1004
208,1005
186,1006
146,1007
24,1008
95,1009
121,1010
24,1011
60,1012
81,1013
16,1014
161,1015
217,1016
225,1017
165,1018
190,1019
108,1020
72,1021
121,1022
14,1023
199,1024
110,1025
32,1026
176,1027
84,1028
114,1029
132,1030
214,1031
123,1032
46,1033
5,1034
5,1035
77,1036
104,1037
53,1038
159,1039
197,1040
98,1041
96,1042
67,1043
196,1044
213,1045
43,1046
92,1047
23,1048
196,1049
114,1050
156,1051
75,1052
65,1053
221,1054
92,1055
102,1056
114,1057
219,1058
203,1059
88,1060
213,1061
50,1062
48,1063
124,1064
187,1065
24,1066
87,1067
161,1068
53,1069
140,1070
138,1071
144,1072
181,1073
30,1074
11,1075
44,1076
116,1077
166,1078
198,1079
221,1080
164,1081
57,1082
168,1083
99,1084
48,1085
87,1086
80,1087
53,1088
218,1089
66,1090
15,1091
76,1092
72,1093
201,1094
204,1095
133,1096
106,1097
219,1098
10,1099
30,1100
142,1101
166,1102
49,1103
198,1104
193,1105
143,1106
175,1107
21,1108
8,1109
51,1110
223,1111
20,1112
21,1113
105,1114
113,1115
202,1116
1,1117
168,1118
138,1119
162,1120
98,1121
195,1122
13,1123
88,1124
205,1125
166,1126
105,1127
201,1128
12,1129
157,1130
225,1131
72,1132
109,1133
45,1134
131,1135
146,1136
207,1137
58,1138
34,1139
89,1140
102,1141
27,1142
87,1143
117,1144
23,1145
70,1146
186,1147
41,1148
89,1149
140,1150
196,1151
38,1152
10,1153
40,1154
30,1155
213,1156
85,1157
189,1158
153,1159
173,1160
170,1161
187,1162
163,1163
37,1164
15,1165
93,1166
126,1167
7,1168
208,1169
1,1170
63,1171
31,1172
20,1173
99,1174
224,1175
64,1176
47,1177
98,1178
35,1179
204,1180
167,1181
23,1182
192,1183
183,1184
108,1185
191,1186
78,1187
55,1188
144,1189
44,1190
3,1191
157,1192
96,1193
135,1194
197,1195
24,1196
28,1197
68,1198
126,1199
50,1200
128,1201
195,1202
128,1203
23,1204
170,1205
198,1206
103,1207
122,1208
85,1209
192,1210
220,1211
193,1212
180,1213
217,1214
194,1215
10,1216
102,1217
47,1218
5,1219
132,1220
40,1221
40,1222
25,1223
109,1224
107,1225
168,1226
145,1227
71,1228
103,1229
33,1230
159,1231
144,1232
134,1233
59,1234
36,1235
192,1236
119,1237
194,1238
67,1239
57,1240
222,1241
195,1242
74,1243
86,1244
189,1245
137,1246
45,1247
48,1248
51,1249
81,1250
120,1251
76,1252
139,1253
57,1254
201,1255
171,1256
81,1257
147,1258
217,1259
29,1260
109,1261
13,1262
215,1263
134,1264
113,1265
15,1266
153,1267
12,1268
84,1269
38,1270
203,1271
215,1272
214,1273
45,1274
189,1275
153,1276
110,1277
139,1278
143,1279
219,1280
174,1281
82,1282
206,1283
140,1284
3,1285
110,1286
22,1287
84,1288
59,1289
140,1290
181,1291
155,1292
100,1293
51,1294
106,1295
167,1296
70,1297
52,1298
153,1299
28,1300
13,1301
13,1302
110,1303
142,1304
126,1305
147,1306
19,1307
190,1308
180,1309
144,1310
185,1311
63,1312
134,1313
172,1314
107,1315
2,1316
179,1317
191,1318
53,1319
52,1320
206,1321
132,1322
95,1323
62,1324
132,1325
171,1326
156,1327
176,1328
172,1329
7,1330
47,1331
127,1332
73,1333
168,1334
52,1335
28,1336
70,1337
28,1338
198,1339
180,1340
85,1341
99,1342
60,1343
41,1344
73,1345
114,1346
199,1347
149,1348
204,1349
127,1350
87,1351
27,1352
100,1353
131,1354
59,1355
17,1356
183,1357
3,1358
97,1359
83,1360
166,1361
140,1362
5,1363
123,1364
115,1365
175,1366
161,1367
128,1368
35,1369
170,1370
17,1371
18,1372
186,1373
119,1374
138,1375
145,1376
162,1377
127,1378
182,1379
94,1380
146,1381
197,1382
23,1383
185,1384
67,1385
98,1386
49,1387
31,1388
16,1389
119,1390
55,1391
66,1392
98,1393
73,1394
20,1395
113,1396
215,1397
130,1398
69,1399
122,1400
33,1401
194,1402
27,1403
134,1404
210,1405
28,1406
155,1407
126,1408
195,1409
133,1410
104,1411
204,1412
97,1413
142,1414
72,1415
70,1416
143,1417
218,1418
30,1419
68,1420
211,1421
30,1422
138,1423
14,1424
90,1425
163,1426
121,1427
119,1428
106,1429
133,1430
107,1431
150,1432
36,1433
201,1434
207,1435
43,1436
128,1437
161,1438
205,1439
18,1440
166,1441
89,1442
221,1443
38,1444
81,1445
219,1446
217,1447
52,1448
124,1449
102,1450
173,1451
161,1452
71,1453
25,1454
52,1455
26,1456
183,1457
147,1458
60,1459
22,1460
128,1461
41,1462
61,1463
87,1464
191,1465
151,1466
106,1467
100,1468
121,1469
20,1470
5,1471
223,1472
19,1473
175,1474
36,1475
62,1476
6,1477
153,1478
93,1479
55,1480
53,1481
81,1482
186,1483
36,1484
193,1485
113,1486
133,1487
180,1488
215,1489
69,1490
7,1491
35,1492
204,1493
115,1494
225,1495
54,1496
201,1497
20,1498
83,1499
80,1500
198,1501
134,1502
32,1503
219,1504
142,1505
68,1506
174,1507
34,1508
132,1509
64,1510
90,1511
58,1512
12,1513
136,1514
126,1515
40,1516
116,1517
169,1518
73,1519
18,1520
224,1521
154,1522
202,1523
25,1524
12,1525
172,1526
91,1527
174,1528
166,1529
210,1530
38,1531
117,1532
100,1533
99,1534
153,1535
28,1536
175,1537
160,1538
70,1539
14,1540
185,1541
186,1542
157,1543
137,1544
149,1545
186,1546
150,1547
155,1548
169,1549
181,1550
225,1551
124,1552
91,1553
98,1554
89,1555
71,1556
205,1557
88,1558
168,1559
178,1560
85,1561
153,1562
82,1563
8,1564
32,1565
116,1566
208,1567
107,1568
71,1569
196,1570
198,1571
125,1572
178,1573
180,1574
92,1575
146,1576
203,1577
95,1578
208,1579
104,1580
171,1581
8,1582
7,1583
60,1584
24,1585
213,1586
72,1587
160,1588
148,1589
18,1590
204,1591
195,1592
92,1593
126,1594
163,1595
151,1596
153,1597
170,1598
67,1599
44,1600
142,1601
154,1602
7,1603
29,1604
201,1605
213,1606
113,1607
103,1608
211,1609
151,1610
108,1611
136,1612
1,1613
159,1614
174,1615
199,1616
225,1617
192,1618
195,1619
121,1620
122,1621
96,1622
94,1623
24,1624
93,1625
203,1626
18,1627
75,1628
102,1629
170,1630
175,1631
89,1632
218,1633
177,1634
119,1635
194,1636
167,1637
92,1638
49,1639
96,1640
196,1641
5,1642
107,1643
26,1644
218,1645
10,1646
9,1647
79,1648
62,1649
150,1650
129,1651
181,1652
119,1653
72,1654
154,1655
115,1656
116,1657
121,1658
125,1659
154,1660
150,1661
72,1662
169,1663
9,1664
53,1665
142,1666
161,1667
6,1668
158,1669
106,1670
142,1671
225,1672
57,1673
141,1674
56,1675
197,1676
167,1677
20,1678
170,1679
218,1680
130,1681
69,1682
174,1683
194,1684
122,1685
196,1686
153,1687
24,1688
120,1689
14,1690
185,1691
173,1692
168,1693
110,1694
156,1695
38,1696
108,1697
207,1698
128,1699
189,1700
140,1701
139,1702
88,1703
18,1704
111,1705
45,1706
64,1707
171,1708
196,1709
96,1710
2,1711
120,1712
1,1713
97,1714
111,1715
105,1716
17,1717
34,1718
130,1719
112,1720
70,1721
172,1722
49,1723
108,1724
110,1725
3,1726
220,1727
19,1728
185,1729
72,1730
224,1731
34,1732
56,1733
146,1734
211,1735
84,1736
5,1737
146,1738
205,1739
164,1740
148,1741
134,1742
199,1743
38,1744
187,1745
91,1746
12,1747
45,1748
171,1749
133,1750
31,1751
31,1752
121,1753
44,1754
94,1755
125,1756
216,1757
74,1758
153,1759
183,1760
11,1761
65,1762
170,1763
5,1764
94,1765
8,1766
108,1767
108,1768
60,1769
70,1770
199,1771
64,1772
203,1773
49,1774
28,1775
185,1776
138,1777
200,1778
179,1779
99,1780
104,1781
11,1782
21,1783
190,1784
13,1785
100,1786
29,1787
186,1788
181,1789
143,1790
208,1791
40,1792
5,1793
39,1794
106,1795
156,1796
35,1797
184,1798
88,1799
220,1800
88,1801
189,1802
219,1803
163,1804
36,1805
197,1806
56,1807
211,1808
107,1809
203,1810
215,1811
160,1812
131,1813
190,1814
65,1815
171,1816
70,1817
202,1818
188,1819
113,1820
193,1821
193,1822
103,1823
74,1824
80,1825
203,1826
136,1827
138,1828
118,1829
39,1830
4,1831
148,1832
46,1833
62,1834
153,1835
84,1836
189,1837
23,1838
154,1839
45,1840
104,1841
69,1842
100,1843
28,1844
222,1845
61,1846
131,1847
171,1848
188,1849
115,1850
50,1851
198,1852
83,1853
7,1854
217,1855
153,1856
88,1857
24,1858
6,1859
156,1860
204,1861
149,1862
19,1863
80,1864
200,1865
52,1866
81,1867
88,1868
164,1869
3,1870
10,1871
102,1872
57,1873
23,1874
131,1875
122,1876
25,1877
193,1878
70,1879
191,1880
8,1881
42,1882
143,1883
146,1884
146,1885
196,1886
129,1887
197,1888
153,1889
86,1890
186,1891
69,1892
207,1893
145,1894
2,1895
62,1896
94,1897
91,1898
74,1899
27,1900
104,1901
38,1902
20,1903
154,1904
19,1905
12,1906
142,1907
67,1908
106,1909
193,1910
127,1911
30,1912
144,1913
9,1914
36,1915
131,1916
18,1917
154,1918
162,1919
78,1920
153,1921
122,1922
105,1923
123,1924
139,1925
8,1926
163,1927
218,1928
176,1929
42,1930
180,1931
185,1932
102,1933
39,1934
177,1935
109,1936
102,1937
64,1938
127,1939
107,1940
213,1941
166,1942
110,1943
155,1944
105,1945
142,1946
197,1947
84,1948
114,1949
220,1950
224,1951
193,1952
163,1953
102,1954
106,1955
184,1956
150,1957
203,1958
142,1959
199,1960
71,1961
153,1962
142,1963
147,1964
35,1965
34,1966
15,1967
213,1968
66,1969
126,1970
49,1971
60,1972
151,1973
198,1974
49,1975
200,1976
216,1977
108,1978
133,1979
90,1980
13,1981
110,1982
192,1983
74,1984
36,1985
209,1986
73,1987
151,1988
212,1989
61,1990
35,1991
53,1992
85,1993
211,1994
117,1995
5,1996
199,1997
183,1998
184,1999
136,2000
6,2001
28,2002
205,2003
103,2004
39,2005
89,2006
74,2007
72,2008
113,2009
126,2010
169,2011
156,2012
9,2013
15,2014
210,2015
204,2016
87,2017
221,2018
50,2019
125,2020
99,2021
15,2022
192,2023
87,2024
24,2025
80,2026
187,2027
162,2028
132,2029
74,2030
149,2031
126,2032
222,2033
179,2034
44,2035
207,2036
121,2037
164,2038
69,2039
158,2040
80,2041
156,2042
122,2043
158,2044
140,2045
65,2046
49,2047
223,2048
205,2049
8,2050
197,2051
104,2052
80,2053
176,2054
105,2055
224,2056
163,2057
211,2058
195,2059
203,2060
30,2061
41,2062
180,2063
164,2064
138,2065
213,2066
167,2067
19,2068
135,2069
137,2070
119,2071
145,2072
80,2073
64,2074
213,2075
89,2076
22,2077
127,2078
181,2079
216,2080
107,2081
63,2082
62,2083
214,2084
174,2085
113,2086
214,2087
201,2088
176,2089
221,2090
155,2091
156,2092
143,2093
147,2094
8,2095
74,2096
136,2097
114,2098
157,2099
58,2100
13,2101
182,2102
116,2103
19,2104
32,2105
202,2106
128,2107
170,2108
109,2109
16,2110
95,2111
129,2112
124,2113
170,2114
164,2115
121,2116
68,2117
158,2118
130,2119
58,2120
9,2121
51,2122
142,2123
205,2124
123,2125
90,2126
92,2127
220,2128
181,2129
203,2130
130,2131
13,2132
202,2133
165,2134
43,2135
79,2136
28,2137
22,2138
174,2139
208,2140
184,2141
109,2142
34,2143
62,2144
14,2145
204,2146
221,2147
69,2148
144,2149
112,2150
31,2151
119,2152
88,2153
174,2154
57,2155
50,2156
20,2157
65,2158
51,2159
214,2160
191,2161
151,2162
29,2163
175,2164
48,2165
209,2166
40,2167
18,2168
15,2169
68,2170
21,2171
108,2172
13,2173
10,2174
33,2175
153,2176
152,2177
200,2178
120,2179
187,2180
26,2181
55,2182
11,2183
141,2184
177,2185
37,2186
69,2187
34,2188
171,2189
23,2190
86,2191
218,2192
198,2193
48,2194
83,2195
167,2196
78,2197
111,2198
203,2199
152,2200
101,2201
13,2202
98,2203
179,2204
23,2205
83,2206
6,2207
128,2208
68,2209
225,2210
221,2211
89,2212
184,2213
11,2214
123,2215
174,2216
61,2217
61,2218
215,2219
13,2220
51,2221
18,2222
71,2223
178,2224
175,2225
76,2226
187,2227
117,2228
9,2229
32,2230
18,2231
224,2232
73,2233
30,2234
125,2235
96,2236
47,2237
215,2238
35,2239
166,2240
128,2241
18,2242
86,2243
223,2244
142,2245
62,2246
138,2247
202,2248
63,2249
82,2250
79,2251
180,2252
121,2253
83,2254
77,2255
26,2256
130,2257
214,2258
147,2259
15,2260
43,2261
77,2262
24,2263
167,2264
195,2265
21,2266
121,2267
162,2268
147,2269
93,2270
147,2271
35,2272
188,2273
100,2274
99,2275
106,2276
106,2277
118,2278
155,2279
141,2280
41,2281
121,2282
112,2283
218,2284
172,2285
166,2286
139,2287
51,2288
129,2289
99,2290
191,2291
117,2292
77,2293
47,2294
128,2295
112,2296
177,2297
185,2298
8,2299
52,2300
61,2301
43,2302
106,2303
168,2304
36,2305
177,2306
61,2307
95,2308
202,2309
152,2310
119,2311
6,2312
59,2313
41,2314
144,2315
50,2316
66,2317
61,2318
181,2319
98,2320
73,2321
179,2322
112,2323
98,2324
63,2325
129,2326
55,2327
178,2328
181,2329
104,2330
71,2331
186,2332
143,2333
202,2334
208,2335
14,2336
81,2337
62,2338
94,2339
76,2340
143,2341
213,2342
63,2343
32,2344
100,2345
57,2346
198,2347
148,2348
21,2349
136,2350
84,2351
122,2352
32,2353
100,2354
93,2355
20,2356
186,2357
132,2358
14,2359
102,2360
141,2361
36,2362
184,2363
137,2364
177,2365
161,2366
55,2367
121,2368
145,2369
136,2370
222,2371
190,2372
190,2373
69,2374
124,2375
84,2376
214,2377
20,2378
224,2379
64,2380
159,2381
169,2382
213,2383
117,2384
129,2385
188,2386
116,2387
184,2388
94,2389
213,2390
208,2391
7,2392
190,2393
192,2394
162,2395
79,2396
95,2397
163,2398
109,2399
139,2400
194,2401
213,2402
224,2403
155,2404
208,2405
169,2406
60,2407
129,2408
30,2409
19,2410
65,2411
42,2412
131,2413
174,2414
206,2415
22,2416
97,2417
30,2418
94,2419
189,2420
72,2421
170,2422
190,2423
176,2424
90,2425
175,2426
133,2427
190,2428
217,2429
113,2430
155,2431
3,2432
76,2433
166,2434
118,2435
9,2436
138,2437
136,2438
135,2439
187,2440
63,2441
28,2442
28,2443
110,2444
61,2445
145,2446
139,2447
123,2448
68,2449
135,2450
118,2451
59,2452
190,2453
163,2454
203,2455
152,2456
203,2457
144,2458
68,2459
72,2460
150,2461
130,2462
27,2463
5,2464
122,2465
208,2466
176,2467
150,2468
36,2469
64,2470
121,2471
178,2472
17,2473
206,2474
182,2475
140,2476
147,2477
99,2478
108,2479
91,2480
128,2481
158,2482
77,2483
224,2484
209,2485
2,2486
158,2487
138,2488
129,2489
75,2490
148,2491
131,2492
24,2493
75,2494
159,2495
208,2496
109,2497
166,2498
67,2499
187,2500
108,2501
75,2502
156,2503
48,2504
78,2505
131,2506
154,2507
134,2508
53,2509
175,2510
159,2511
119,2512
82,2513
101,2514
41,2515
47,2516
16,2517
54,2518
35,2519
95,2520
24,2521
213,2522
103,2523
145,2524
194,2525
130,2526
28,2527
162,2528
180,2529
35,2530
74,2531
3,2532
147,2533
129,2534
30,2535
136,2536
111,2537
101,2538
77,2539
212,2540
146,2541
80,2542
195,2543
159,2544
166,2545
179,2546
125,2547
56,2548
124,2549
200,2550
165,2551
50,2552
188,2553
39,2554
30,2555
31,2556
69,2557
212,2558
53,2559
144,2560
40,2561
192,2562
33,2563
78,2564
37,2565
85,2566
211,2567
71,2568
194,2569
52,2570
95,2571
200,2572
166,2573
14,2574
221,2575
155,2576
221,2577
100,2578
188,2579
75,2580
41,2581
196,2582
99,2583
108,2584
145,2585
48,2586
213,2587
192,2588
42,2589
157,2590
3,2591
78,2592
42,2593
61,2594
12,2595
123,2596
83,2597
198,2598
100,2599
3,2600
16,2601
43,2602
155,2603
98,2604
203,2605
51,2606
132,2607
110,2608
154,2609
91,2610
204,2611
41,2612
71,2613
76,2614
113,2615
81,2616
126,2617
111,2618
200,2619
174,2620
213,2621
218,2622
139,2623
157,2624
108,2625
165,2626
208,2627
12,2628
58,2629
105,2630
58,2631
72,2632
76,2633
164,2634
88,2635
130,2636
19,2637
54,2638
24,2639
135,2640
121,2641
151,2642
78,2643
108,2644
74,2645
164,2646
73,2647
158,2648
9,2649
80,2650
217,2651
139,2652
39,2653
156,2654
152,2655
200,2656
63,2657
64,2658
142,2659
139,2660
92,2661
46,2662
53,2663
196,2664
158,2665
152,2666
15,2667
157,2668
87,2669
90,2670
174,2671
219,2672
140,2673
14,2674
11,2675
19,2676
145,2677
33,2678
67,2679
163,2680
16,2681
213,2682
90,2683
122,2684
201,2685
66,2686
95,2687
14,2688
75,2689
47,2690
114,2691
71,2692
102,2693
77,2694
125,2695
142,2696
106,2697
220,2698
223,2699
178,2700
68,2701
40,2702
89,2703
185,2704
74,2705
24,2706
124,2707
68,2708
84,2709
197,2710
172,2711
148,2712
203,2713
99,2714
20,2715
192,2716
208,2717
30,2718
16,2719
128,2720
149,2721
4,2722
158,2723
61,2724
3,2725
139,2726
202,2727
98,2728
142,2729
14,2730
128,2731
142,2732
97,2733
45,2734
96,2735
147,2736
224,2737
88,2738
132,2739
94,2740
206,2741
60,2742
21,2743
65,2744
201,2745
111,2746
174,2747
188,2748
151,2749
211,2750
39,2751
144,2752
126,2753
62,2754
114,2755
189,2756
70,2757
71,2758
149,2759
8,2760
15,2761
147,2762
72,2763
195,2764
70,2765
220,2766
52,2767
138,2768
34,2769
122,2770
114,2771
140,2772
35,2773
174,2774
159,2775
57,2776
220,2777
180,2778
178,2779
91,2780
90,2781
8,2782
69,2783
109,2784
34,2785
85,2786
139,2787
168,2788
163,2789
130,2790
17,2791
82,2792
86,2793
196,2794
177,2795
45,2796
36,2797
187,2798
179,2799
196,2800
145,2801
96,2802
5,2803
164,2804
190,2805
89,2806
178,2807
115,2808
217,2809
84,2810
167,2811
132,2812
148,2813
33,2814
133,2815
210,2816
126,2817
82,2818
121,2819
95,2820
107,2821
40,2822
2,2823
10,2824
186,2825
179,2826
183,2827
3,2828
222,2829
221,2830
199,2831
163,2832
140,2833
141,2834
187,2835
129,2836
191,2837
82,2838
156,2839
176,2840
195,2841
19,2842
87,2843
61,2844
2,2845
182,2846
133,2847
118,2848
138,2849
137,2850
46,2851
173,2852
6,2853
9,2854
82,2855
83,2856
167,2857
58,2858
102,2859
44,2860
215,2861
55,2862
166,2863
92,2864
186,2865
26,2866
21,2867
87,2868
193,2869
190,2870
200,2871
159,2872
10,2873
187,2874
111,2875
93,2876
115,2877
200,2878
34,2879
194,2880
32,2881
180,2882
179,2883
186,2884
63,2885
10,2886
100,2887
117,2888
173,2889
109,2890
54,2891
194,2892
106,2893
195,2894
30,2895
37,2896
1,2897
95,2898
41,2899
148,2900
165,2901
70,2902
26,2903
39,2904
28,2905
95,2906
46,2907
198,2908
214,2909
106,2910
101,2911
125,2912
205,2913
34,2914
151,2915
95,2916
185,2917
169,2918
201,2919
192,2920
188,2921
47,2922
136,2923
149,2924
40,2925
37,2926
13,2927
174,2928
96,2929
87,2930
185,2931
24,2932
186,2933
141,2934
140,2935
14,2936
169,2937
174,2938
58,2939
43,2940
224,2941
180,2942
75,2943
125,2944
79,2945
209,2946
114,2947
198,2948
218,2949
114,2950
70,2951
212,2952
74,2953
82,2954
97,2955
48,2956
213,2957
206,2958
73,2959
52,2960
95,2961
110,2962
149,2963
172,2964
181,2965
142,2966
207,2967
144,2968
48,2969
180,2970
55,2971
105,2972
9,2973
43,2974
13,2975
180,2976
102,2977
150,2978
3,2979
86,2980
40,2981
19,2982
123,2983
32,2984
176,2985
79,2986
186,2987
116,2988
18,2989
113,2990
212,2991
47,2992
80,2993
176,2994
105,2995
128,2996
213,2997
99,2998
37,2999
192,3000
134,3001
65,3002
54,3003
12,3004
109,3005
17,3006
192,3007
168,3008
209,3009
186,3010
14,3011
53,3012
115,3013
131,3014
77,3015
70,3016
215,3017
201,3018
27,3019
77,3020
140,3021
150,3022
93,3023
59,3024
122,3025
135,3026
213,3027
45,3028
141,3029
114,3030
197,3031
222,3032
164,3033
131,3034
167,3035
17,3036
117,3037
21,3038
113,3039
85,3040
139,3041
182,3042
122,3043
15,3044
85,3045
221,3046
1,3047
114,3048
126,3049
33,3050
189,3051
68,3052
210,3053
84,3054
20,3055
13,3056
93,3057
42,3058
185,3059
133,3060
94,3061
212,3062
210,3063
191,3064
91,3065
90,3066
173,3067
157,3068
52,3069
112,3070
204,3071
202,3072
91,3073
96,3074
16,3075
29,3076
156,3077
82,3078
160,3079
26,3080
201,3081
7,3082
84,3083
180,3084
27,3085
117,3086
169,3087
147,3088
113,3089
177,3090
40,3091
52,3092
210,3093
173,3094
219,3095
119,3096
24,3097
22,3098
38,3099
85,3100
159,3101
182,3102
165,3103
63,3104
113,3105
195,3106
107,3107
164,3108
106,3109
162,3110
62,3111
79,3112
166,3113
125,3114
193,3115
25,3116
54,3117
166,3118
26,3119
173,3120
43,3121
24,3122
4,3123
115,3124
135,3125
102,3126
60,3127
30,3128
40,3129
112,3130
174,3131
26,3132
96,3133
85,3134
104,3135
148,3136
115,3137
118,3138
43,3139
220,3140
143,3141
19,3142
67,3143
31,3144
180,3145
209,3146
114,3147
50,3148
115,3149
192,3150
82,3151
147,3152
136,3153
89,3154
64,3155
107,3156
76,3157
81,3158
163,3159
49,3160
49,3161
14,3162
55,3163
41,3164
188,3165
204,3166
58,3167
207,3168
79,3169
14,3170
68,3171
141,3172
164,3173
20,3174
90,3175
83,3176
208,3177
163,3178
24,3179
207,3180
167,3181
64,3182
77,3183
199,3184
225,3185
98,3186
178,3187
96,3188
43,3189
36,3190
220,3191
64,3192
168,3193
29,3194
142,3195
206,3196
105,3197
142,3198
128,3199
49,3200
185,3201
189,3202
61,3203
98,3204
67,3205
115,3206
56,3207
202,3208
211,3209
162,3210
171,3211
16,3212
5,3213
88,3214
127,3215
118,3216
140,3217
25,3218
203,3219
61,3220
11,3221
152,3222
21,3223
25,3224
7,3225
30,3226
178,3227
155,3228
41,3229
19,3230
177,3231
157,3232
145,3233
188,3234
191,3235
63,3236
209,3237
1,3238
207,3239
103,3240
71,3241
86,3242
81,3243
85,3244
41,3245
54,3246
104,3247
67,3248
126,3249
172,3250
184,3251
146,3252
192,3253
93,3254
216,3255
193,3256
124,3257
152,3258
85,3259
103,3260
124,3261
173,3262
59,3263
34,3264
185,3265
214,3266
19,3267
57,3268
98,3269
145,3270
34,3271
127,3272
84,3273
4,3274
32,3275
13,3276
69,3277
155,3278
225,3279
59,3280
220,3281
58,3282
12,3283
170,3284
127,3285
216,3286
98,3287
142,3288
124,3289
66,3290
148,3291
146,3292
120,3293
15,3294
89,3295
133,3296
127,3297
161,3298
96,3299
110,3300
20,3301
136,3302
104,3303
30,3304
107,3305
199,3306
92,3307
85,3308
194,3309
84,3310
74,3311
207,3312
77,3313
77,3314
41,3315
221,3316
73,3317
9,3318
115,3319
124,3320
96,3321
222,3322
32,3323
165,3324
85,3325
34,3326
175,3327
27,3328
216,3329
206,3330
58,3331
120,3332
158,3333
83,3334
195,3335
111,3336
19,3337
223,3338
47,3339
121,3340
18,3341
151,3342
223,3343
17,3344
62,3345
153,3346
87,3347
182,3348
151,3349
151,3350
102,3351
24,3352
26,3353
163,3354
85,3355
138,3356
44,3357
216,3358
77,3359
214,3360
78,3361
170,3362
145,3363
10,3364
102,3365
88,3366
97,3367
202,3368
94,3369
2,3370
65,3371
142,3372
85,3373
165,3374
197,3375
215,3376
150,3377
190,3378
96,3379
187,3380
40,3381
177,3382
106,3383
100,3384
55,3385
79,3386
215,3387
124,3388
85,3389
183,3390
124,3391
55,3392
108,3393
70,3394
223,3395
170,3396
194,3397
166,3398
84,3399
218,3400
15,3401
223,3402
194,3403
122,3404
123,3405
34,3406
114,3407
198,3408
141,3409
64,3410
73,3411
83,3412
91,3413
71,3414
181,3415
224,3416
60,3417
186,3418
167,3419
218,3420
163,3421
12,3422
207,3423
105,3424
117,3425
138,3426
158,3427
93,3428
16,3429
77,3430
149,3431
184,3432
185,3433
202,3434
78,3435
54,3436
31,3437
145,3438
33,3439
119,3440
25,3441
25,3442
21,3443
44,3444
181,3445
81,3446
103,3447
193,3448
16,3449
205,3450
24,3451
150,3452
205,3453
105,3454
86,3455
62,3456
33,3457
10,3458
165,3459
98,3460
99,3461
217,3462
75,3463
190,3464
143,3465
46,3466
165,3467
116,3468
31,3469
194,3470
121,3471
11,3472
214,3473
45,3474
86,3475
98,3476
15,3477
166,3478
33,3479
190,3480
153,3481
101,3482
26,3483
174,3484
12,3485
155,3486
40,3487
15,3488
129,3489
205,3490
120,3491
184,3492
193,3493
118,3494
80,3495
10,3496
71,3497
132,3498
104,3499
48,3500
46,3501
142,3502
187,3503
107,3504
77,3505
149,3506
133,3507
122,3508
174,3509
111,3510
27,3511
46,3512
178,3513
147,3514
5,3515
91,3516
173,3517
140,3518
158,3519
175,3520
77,3521
22,3522
133,3523
89,3524
111,3525
183,3526
146,3527
20,3528
153,3529
153,3530
78,3531
30,3532
77,3533
43,3534
210,3535
119,3536
123,3537
51,3538
59,3539
175,3540
10,3541
145,3542
121,3543
213,3544
82,3545
116,3546
132,3547
157,3548
150,3549
194,3550
126,3551
201,3552
14,3553
191,3554
116,3555
198,3556
100,3557
147,3558
44,3559
54,3560
41,3561
126,3562
190,3563
208,3564
185,3565
163,3566
80,3567
134,3568
35,3569
128,3570
222,3571
130,3572
85,3573
174,3574
147,3575
187,3576
187,3577
211,3578
185,3579
73,3580
82,3581
173,3582
26,3583
171,3584
63,3585
118,3586
170,3587
160,3588
96,3589
24,3590
6,3591
10,3592
69,3593
204,3594
222,3595
210,3596
223,3597
183,3598
25,3599
111,3600
67,3601
2,3602
72,3603
213,3604
208,3605
188,3606
32,3607
11,3608
77,3609
81,3610
113,3611
97,3612
65,3613
91,3614
116,3615
204,3616
177,3617
32,3618
48,3619
199,3620
187,3621
25,3622
73,3623
135,3624
218,3625
164,3626
47,3627
50,3628
43,3629
107,3630
118,3631
145,3632
120,3633
165,3634
64,3635
99,3636
30,3637
97,3638
210,3639
205,3640
177,3641
96,3642
53,3643
140,3644
142,3645
124,3646
110,3647
53,3648
197,3649
187,3650
43,3651
96,3652
13,3653
135,3654
68,3655
80,3656
170,3657
148,3658
216,3659
28,3660
120,3661
127,3662
75,3663
27,3664
48,3665
151,3666
192,3667
114,3668
129,3669
148,3670
214,3671
160,3672
77,3673
43,3674
112,3675
137,3676
12,3677
218,3678
72,3679
16,3680
37,3681
21,3682
67,3683
192,3684
150,3685
52,3686
135,3687
71,3688
172,3689
39,3690
115,3691
207,3692
130,3693
19,3694
97,3695
117,3696
22,3697
66,3698
121,3699
190,3700
167,3701
177,3702
15,3703
164,3704
155,3705
84,3706
150,3707
205,3708
221,3709
170,3710
166,3711
206,3712
105,3713
69,3714
25,3715
119,3716
142,3717
80,3718
34,3719
38,3720
126,3721
146,3722
203,3723
114,3724
201,3725
101,3726
203,3727
165,3728
164,3729
22,3730
89,3731
62,3732
176,3733
94,3734
27,3735
97,3736
62,3737
47,3738
99,3739
221,3740
172,3741
161,3742
162,3743
175,3744
112,3745
126,3746
184,3747
47,3748
199,3749
45,3750
66,3751
144,3752
14,3753
27,3754
74,3755
178,3756
157,3757
89,3758
89,3759
109,3760
124,3761
48,3762
145,3763
99,3764
40,3765
71,3766
3,3767
89,3768
216,3769
39,3770
181,3771
109,3772
183,3773
27,3774
57,3775
13,3776
52,3777
122,3778
107,3779
151,3780
117,3781
46,3782
58,3783
160,3784
173,3785
3,3786
176,3787
36,3788
179,3789
37,3790
43,3791
98,3792
147,3793
207,3794
55,3795
43,3796
224,3797
15,3798
77,3799
176,3800
63,3801
116,3802
37,3803
192,3804
91,3805
22,3806
129,3807
90,3808
152,3809
102,3810
212,3811
154,3812
58,3813
173,3814
224,3815
179,3816
37,3817
104,3818
195,3819
102,3820
128,3821
127,3822
55,3823
98,3824
207,3825
150,3826
1,3827
185,3828
69,3829
74,3830
104,3831
192,3832
150,3833
216,3834
64,3835
64,3836
89,3837
56,3838
123,3839
126,3840
162,3841
6,3842
27,3843
112,3844
64,3845
177,3846
82,3847
192,3848
160,3849
166,3850
146,3851
151,3852
101,3853
99,3854
118,3855
38,3856
36,3857
213,3858
95,3859
194,3860
21,3861
161,3862
20,3863
4,3864
78,3865
149,3866
179,3867
103,3868
138,3869
78,3870
212,3871
60,3872
174,3873
18,3874
204,3875
170,3876
180,3877
8,3878
160,3879
204,3880
108,3881
172,3882
169,3883
123,3884
26,3885
123,3886
222,3887
95,3888
96,3889
28,3890
33,3891
8,3892
36,3893
35,3894
89,3895
28,3896
222,3897
216,3898
212,3899
128,3900
37,3901
148,3902
82,3903
152,3904
133,3905
98,3906
112,3907
24,3908
9,3909
132,3910
3,3911
135,3912
60,3913
165,3914
111,3915
69,3916
25,3917
80,3918
102,3919
79,3920
36,3921
95,3922
61,3923
134,3924
127,3925
64,3926
170,3927
169,3928
151,3929
140,3930
151,3931
178,3932
26,3933
75,3934
130,3935
176,3936
1,3937
222,3938
114,3939
50,3940
32,3941
147,3942
61,3943
207,3944
74,3945
24,3946
74,3947
131,3948
150,3949
161,3950
165,3951
20,3952
155,3953
60,3954
60,3955
31,3956
63,3957
211,3958
224,3959
56,3960
58,3961
136,3962
153,3963
217,3964
33,3965
172,3966
212,3967
75,3968
112,3969
130,3970
13,3971
43,3972
6,3973
6,3974
97,3975
223,3976
104,3977
100,3978
173,3979
179,3980
223,3981
18,3982
212,3983
146,3984
189,3985
159,3986
36,3987
72,3988
206,3989
200,3990
185,3991
195,3992
211,3993
215,3994
51,3995
78,3996
206,3997
206,3998
43,3999
194,4000
46,4001
77,4002
171,4003
60,4004
17,4005
1,4006
19,4007
178,4008
57,4009
97,4010
179,4011
152,4012
181,4013
166,4014
155,4015
61,4016
207,4017
200,4018
81,4019
33,4020
116,4021
37,4022
219,4023
31,4024
164,4025
214,4026
156,4027
119,4028
16,4029
131,4030
151,4031
116,4032
170,4033
176,4034
149,4035
61,4036
130,4037
18,4038
209,4039
214,4040
136,4041
177,4042
52,4043
138,4044
106,4045
167,4046
118,4047
219,4048
179,4049
63,4050
144,4051
186,4052
118,4053
210,4054
33,4055
198,4056
165,4057
209,4058
78,4059
212,4060
57,4061
88,4062
26,4063
46,4064
45,4065
96,4066
202,4067
53,4068
157,4069
96,4070
19,4071
211,4072
68,4073
183,4074
104,4075
98,4076
158,4077
24,4078
220,4079
105,4080
10,4081
76,4082
180,4083
57,4084
151,4085
166,4086
198,4087
43,4088
33,4089
107,4090
51,4091
165,4092
7,4093
157,4094
25,4095
79,4096
191,4097
150,4098
108,4099
192,4100
145,4101
99,4102
159,4103
144,4104
51,4105
178,4106
219,4107
26,4108
180,4109
190,4110
108,4111
104,4112
210,4113
70,4114
168,4115
174,4116
133,4117
4,4118
62,4119
84,4120
121,4121
129,4122
143,4123
13,4124
92,4125
53,4126
90,4127
69,4128
68,4129
27,4130
199,4131
68,4132
71,4133
106,4134
41,4135
15,4136
104,4137
53,4138
140,4139
183,4140
67,4141
142,4142
22,4143
33,4144
96,4145
196,4146
21,4147
25,4148
14,4149
29,4150
78,4151
142,4152
20,4153
120,4154
153,4155
210,4156
39,4157
46,4158
84,4159
76,4160
34,4161
18,4162
221,4163
197,4164
1,4165
113,4166
166,4167
45,4168
100,4169
209,4170
201,4171
140,4172
81,4173
170,4174
37,4175
130,4176
180,4177
120,4178
17,4179
38,4180
98,4181
202,4182
55,4183
47,4184
24,4185
200,4186
28,4187
147,4188
68,4189
92,4190
113,4191
147,4192
8,4193
12,4194
215,4195
24,4196
206,4197
12,4198
76,4199
152,4200
8,4201
122,4202
179,4203
80,4204
211,4205
57,4206
151,4207
148,4208
181,4209
156,4210
30,4211
80,4212
21,4213
130,4214
45,4215
47,4216
73,4217
162,4218
78,4219
12,4220
5,4221
190,4222
75,4223
170,4224
127,4225
211,4226
60,4227
86,4228
23,4229
107,4230
165,4231
99,4232
174,4233
224,4234
124,4235
85,4236
40,4237
105,4238
63,4239
37,4240
179,4241
62,4242
205,4243
73,4244
30,4245
165,4246
139,4247
172,4248
81,4249
16,4250
57,4251
207,4252
156,4253
199,4254
1,4255
71,4256
159,4257
146,4258
160,4259
82,4260
151,4261
189,4262
222,4263
14,4264
166,4265
75,4266
129,4267
163,4268
83,4269
139,4270
70,4271
1,4272
171,4273
128,4274
11,4275
134,4276
218,4277
173,4278
223,4279
150,4280
145,4281
85,4282
190,4283
10,4284
222,4285
59,4286
197,4287
63,4288
110,4289
123,4290
6,4291
222,4292
172,4293
130,4294
102,4295
200,4296
31,4297
163,4298
69,4299
60,4300
217,4301
188,4302
160,4303
24,4304
90,4305
129,4306
225,4307
187,4308
130,4309
188,4310
207,4311
70,4312
12,4313
174,4314
199,4315
90,4316
197,4317
62,4318
117,4319
137,4320
77,4321
137,4322
3,4323
142,4324
19,4325
1,4326
174,4327
25,4328
21,4329
220,4330
57,4331
122,4332
23,4333
19,4334
201,4335
90,4336
185,4337
77,4338
108,4339
177,4340
145,4341
117,4342
210,4343
172,4344
31,4345
115,4346
194,4347
36,4348
168,4349
31,4350
200,4351
125,4352
81,4353
50,4354
27,4355
21,4356
5,4357
102,4358
97,4359
90,4360
163,4361
209,4362
69,4363
33,4364
199,4365
224,4366
98,4367
120,4368
1,4369
187,4370
52,4371
219,4372
180,4373
53,4374
74,4375
175,4376
87,4377
65,4378
145,4379
176,4380
98,4381
219,4382
75,4383
107,4384
40,4385
31,4386
208,4387
26,4388
114,4389
51,4390
19,4391
72,4392
120,4393
181,4394
156,4395
32,4396
20,4397
124,4398
145,4399
164,4400
41,4401
174,4402
133,4403
38,4404
6,4405
10,4406
53,4407
27,4408
22,4409
156,4410
34,4411
24,4412
11,4413
200,4414
123,4415
111,4416
140,4417
95,4418
150,4419
102,4420
143,4421
30,4422
223,4423
15,4424
183,4425
153,4426
219,4427
45,4428
39,4429
57,4430
173,4431
181,4432
99,4433
12,4434
122,4435
1,4436
141,4437
131,4438
110,4439
86,4440
160,4441
51,4442
175,4443
196,4444
92,4445
114,4446
83,4447
85,4448
175,4449
183,4450
98,4451
185,4452
76,4453
103,4454
108,4455
55,4456
117,4457
27,4458
90,4459
199,4460
172,4461
224,4462
87,4463
205,4464
92,4465
86,4466
65,4467
213,4468
204,4469
27,4470
109,4471
34,4472
45,4473
130,4474
215,4475
110,4476
100,4477
49,4478
17,4479
2,4480
72,4481
180,4482
123,4483
60,4484
116,4485
211,4486
16,4487
169,4488
1,4489
86,4490
212,4491
21,4492
133,4493
168,4494
152,4495
94,4496
209,4497
10,4498
37,4499
7,4500
185,4501
4,4502
135,4503
185,4504
113,4505
195,4506
117,4507
110,4508
169,4509
19,4510
110,4511
225,4512
45,4513
172,4514
10,4515
199,4516
222,4517
11,4518
130,4519
170,4520
20,4521
95,4522
65,4523
50,4524
46,4525
70,4526
104,4527
133,4528
118,4529
154,4530
109,4531
225,4532
143,4533
86,4534
20,4535
145,4536
27,4537
110,4538
7,4539
2,4540
200,4541
103,4542
153,4543
85,4544
137,4545
169,4546
51,4547
103,4548
126,4549
114,4550
161,4551
16,4552
157,4553
219,4554
190,4555
173,4556
222,4557
91,4558
52,4559
164,4560
28,4561
81,4562
167,4563
81,4564
39,4565
11,4566
64,4567
187,4568
169,4569
206,4570
148,4571
212,4572
195,4573
178,4574
73,4575
211,4576
198,4577
75,4578
16,4579
144,4580
100,4581
11,4582
178,4583
13,4584
6,4585
221,4586
71,4587
131,4588
15,4589
49,4590
193,4591
102,4592
47,4593
194,4594
79,4595
205,4596
158,4597
164,4598
170,4599
214,4600
167,4601
4,4602
177,4603
82,4604
125,4605
134,4606
201,4607
13,4608
50,4609
142,4610
45,4611
30,4612
61,4613
224,4614
167,4615
188,4616
129,4617
118,4618
28,4619
76,4620
99,4621
136,4622
86,4623
137,4624
202,4625
40,4626
123,4627
98,4628
133,4629
186,4630
111,4631
33,4632
63,4633
61,4634
180,4635
137,4636
220,4637
77,4638
64,4639
163,4640
218,4641
151,4642
101,4643
160,4644
180,4645
60,4646
78,4647
213,4648
73,4649
161,4650
183,4651
134,4652
12,4653
8,4654
138,4655
113,4656
145,4657
200,4658
6,4659
49,4660
170,4661
167,4662
184,4663
21,4664
166,4665
126,4666
102,4667
56,4668
223,4669
108,4670
7,4671
110,4672
90,4673
21,4674
176,4675
41,4676
198,4677
29,4678
32,4679
81,4680
157,4681
28,4682
25,4683
148,4684
57,4685
209,4686
139,4687
102,4688
94,4689
49,4690
122,4691
64,4692
203,4693
43,4694
124,4695
78,4696
97,4697
9,4698
64,4699
64,4700
12,4701
176,4702
13,4703
21,4704
163,4705
166,4706
210,4707
128,4708
108,4709
172,4710
68,4711
80,4712
105,4713
71,4714
198,4715
52,4716
101,4717
98,4718
118,4719
39,4720
27,4721
13,4722
135,4723
95,4724
69,4725
155,4726
210,4727
37,4728
34,4729
44,4730
3,4731
116,4732
55,4733
24,4734
108,4735
222,4736
158,4737
87,4738
160,4739
42,4740
117,4741
106,4742
87,4743
167,4744
11,4745
183,4746
220,4747
158,4748
41,4749
52,4750
77,4751
141,4752
122,4753
198,4754
151,4755
185,4756
163,4757
130,4758
151,4759
9,4760
4,4761
99,4762
175,4763
82,4764
134,4765
31,4766
40,4767
25,4768
145,4769
147,4770
161,4771
18,4772
40,4773
192,4774
166,4775
19,4776
119,4777
80,4778
113,4779
17,4780
203,4781
93,4782
7,4783
3,4784
171,4785
98,4786
84,4787
9,4788
197,4789
120,4790
192,4791
61,4792
101,4793
22,4794
93,4795
110,4796
140,4797
125,4798
149,4799
144,4800
153,4801
132,4802
223,4803
109,4804
60,4805
117,4806
198,4807
128,4808
141,4809
144,4810
103,4811
223,4812
155,4813
5,4814
164,4815
81,4816
67,4817
112,4818
177,4819
204,4820
7,4821
75,4822
179,4823
63,4824
91,4825
217,4826
79,4827
99,4828
71,4829
38,4830
218,4831
160,4832
136,4833
57,4834
95,4835
193,4836
221,4837
91,4838
69,4839
94,4840
170,4841
90,4842
119,4843
29,4844
83,4845
213,4846
82,4847
86,4848
45,4849
118,4850
159,4851
14,4852
21,4853
83,4854
53,4855
45,4856
159,4857
2,4858
217,4859
129,4860
94,4861
69,4862
211,4863
76,4864
140,4865
59,4866
68,4867
16,4868
218,4869
106,4870
127,4871
182,4872
139,4873
144,4874
197,4875
14,4876
198,4877
200,4878
181,4879
145,4880
8,4881
87,4882
113,4883
192,4884
28,4885
24,4886
98,4887
71,4888
81,4889
139,4890
101,4891
211,4892
42,4893
217,4894
98,4895
58,4896
90,4897
89,4898
103,4899
68,4900
140,4901
166,4902
57,4903
203,4904
75,4905
26,4906
23,4907
181,4908
32,4909
40,4910
195,4911
169,4912
54,4913
118,4914
198,4915
111,4916
173,4917
147,4918
223,4919
122,4920
141,4921
213,4922
200,4923
37,4924
77,4925
61,4926
99,4927
116,4928
145,4929
2,4930
144,4931
196,4932
39,4933
180,4934
117,4935
35,4936
106,4937
184,4938
205,4939
177,4940
119,4941
157,4942
59,4943
22,4944
67,4945
68,4946
140,4947
113,4948
118,4949
19,4950
36,4951
161,4952
108,4953
61,4954
207,4955
92,4956
47,4957
50,4958
102,4959
22,4960
35,4961
197,4962
38,4963
135,4964
135,4965
111,4966
218,4967
97,4968
186,4969
134,4970
119,4971
151,4972
64,4973
8,4974
182,4975
52,4976
125,4977
137,4978
77,4979
197,4980
49,4981
81,4982
195,4983
45,4984
161,4985
81,4986
157,4987
215,4988
153,4989
166,4990
75,4991
100,4992
214,4993
110,4994
128,4995
31,4996
142,4997
177,4998
66,4999
93,5000
68,5001
144,5002
85,5003
217,5004
86,5005
142,5006
224,5007
189,5008
39,5009
77,5010
77,5011
42,5012
98,5013
76,5014
222,5015
84,5016
52,5017
39,5018
22,5019
113,5020
203,5021
123,5022
108,5023
146,5024
192,5025
66,5026
96,5027
18,5028
125,5029
167,5030
73,5031
34,5032
159,5033
114,5034
83,5035
104,5036
32,5037
81,5038
183,5039
182,5040
183,5041
217,5042
92,5043
182,5044
137,5045
56,5046
44,5047
93,5048
150,5049
166,5050
209,5051
12,5052
164,5053
97,5054
138,5055
20,5056
167,5057
59,5058
191,5059
145,5060
41,5061
211,5062
141,5063
150,5064
134,5065
76,5066
55,5067
168,5068
220,5069
196,5070
168,5071
147,5072
11,5073
152,5074
53,5075
103,5076
127,5077
177,5078
188,5079
50,5080
155,5081
2,5082
79,5083
38,5084
45,5085
78,5086
45,5087
49,5088
76,5089
216,5090
143,5091
26,5092
132,5093
135,5094
141,5095
168,5096
21,5097
149,5098
159,5099
123,5100
148,5101
213,5102
136,5103
148,5104
107,5105
7,5106
20,5107
161,5108
41,5109
90,5110
33,5111
11,5112
4,5113
35,5114
63,5115
185,5116
52,5117
152,5118
23,5119
125,5120
206,5121
154,5122
222,5123
212,5124
223,5125
183,5126
12,5127
56,5128
2,5129
193,5130
162,5131
66,5132
219,5133
74,5134
35,5135
59,5136
118,5137
169,5138
205,5139
173,5140
38,5141
69,5142
17,5143
49,5144
177,5145
104,5146
183,5147
88,5148
195,5149
106,5150
45,5151
187,5152
14,5153
140,5154
103,5155
139,5156
37,5157
201,5158
117,5159
96,5160
112,5161
195,5162
73,5163
222,5164
179,5165
76,5166
9,5167
168,5168
118,5169
43,5170
107,5171
112,5172
207,5173
34,5174
114,5175
76,5176
204,5177
95,5178
43,5179
144,5180
182,5181
73,5182
62,5183
94,5184
96,5185
169,5186
181,5187
77,5188
107,5189
61,5190
75,5191
67,5192
143,5193
87,5194
143,5195
157,5196
98,5197
82,5198
58,5199
71,5200
84,5201
81,5202
158,5203
206,5204
85,5205
95,5206
224,5207
66,5208
43,5209
146,5210
132,5211
116,5212
159,5213
101,5214
117,5215
126,5216
13,5217
58,5218
4,5219
182,5220
99,5221
116,5222
225,5223
55,5224
205,5225
212,5226
175,5227
113,5228
112,5229
207,5230
199,5231
206,5232
207,5233
44,5234
36,5235
63,5236
82,5237
160,5238
210,5239
16,5240
141,5241
153,5242
54,5243
36,5244
174,5245
224,5246
120,5247
76,5248
138,5249
37,5250
45,5251
89,5252
138,5253
168,5254
93,5255
154,5256
102,5257
219,5258
69,5259
22,5260
57,5261
26,5262
222,5263
97,5264
142,5265
201,5266
145,5267
190,5268
99,5269
196,5270
1,5271
50,5272
80,5273
124,5274
143,5275
92,5276
200,5277
106,5278
37,5279
25,5280
62,5281
116,5282
24,5283
206,5284
163,5285
214,5286
17,5287
139,5288
97,5289
18,5290
144,5291
35,5292
210,5293
35,5294
205,5295
26,5296
22,5297
103,5298
115,5299
182,5300
83,5301
86,5302
165,5303
99,5304
88,5305
216,5306
131,5307
114,5308
141,5309
167,5310
157,5311
95,5312
103,5313
115,5314
44,5315
20,5316
72,5317
33,5318
158,5319
116,5320
108,5321
201,5322
202,5323
225,5324
173,5325
219,5326
21,5327
187,5328
167,5329
169,5330
222,5331
130,5332
78,5333
135,5334
31,5335
9,5336
34,5337
104,5338
117,5339
191,5340
109,5341
13,5342
87,5343
176,5344
4,5345
11,5346
184,5347
157,5348
179,5349
123,5350
9,5351
21,5352
63,5353
20,5354
93,5355
149,5356
66,5357
131,5358
132,5359
224,5360
207,5361
80,5362
91,5363
193,5364
136,5365
28,5366
34,5367
105,5368
206,5369
156,5370
187,5371
58,5372
119,5373
196,5374
45,5375
31,5376
27,5377
111,5378
125,5379
81,5380
103,5381
2,5382
91,5383
132,5384
73,5385
189,5386
109,5387
28,5388
191,5389
62,5390
85,5391
106,5392
12,5393
153,5394
202,5395
206,5396
127,5397
48,5398
30,5399
189,5400
24,5401
176,5402
178,5403
134,5404
79,5405
143,5406
178,5407
2,5408
79,5409
171,5410
68,5411
203,5412
32,5413
213,5414
23,5415
175,5416
215,5417
14,5418
96,5419
4,5420
112,5421
92,5422
76,5423
206,5424
221,5425
36,5426
97,5427
89,5428
34,5429
112,5430
7,5431
223,5432
47,5433
105,5434
69,5435
55,5436
23,5437
126,5438
179,5439
200,5440
40,5441
87,5442
104,5443
197,5444
67,5445
30,5446
172,5447
21,5448
98,5449
1,5450
157,5451
35,5452
62,5453
136,5454
88,5455
26,5456
186,5457
57,5458
115,5459
12,5460
82,5461
44,5462
146,5463
187,5464
142,5465
43,5466
78,5467
211,5468
58,5469
182,5470
74,5471
100,5472
7,5473
209,5474
29,5475
144,5476
62,5477
1,5478
78,5479
217,5480
217,5481
68,5482
24,5483
121,5484
182,5485
73,5486
120,5487
145,5488
71,5489
88,5490
42,5491
75,5492
185,5493
214,5494
84,5495
204,5496
157,5497
89,5498
45,5499
22,5500
43,5501
176,5502
204,5503
120,5504
118,5505
76,5506
217,5507
126,5508
40,5509
189,5510
79,5511
3,5512
86,5513
23,5514
80,5515
91,5516
169,5517
15,5518
8,5519
48,5520
153,5521
31,5522
218,5523
151,5524
161,5525
221,5526
8,5527
39,5528
204,5529
73,5530
62,5531
22,5532
192,5533
49,5534
215,5535
147,5536
168,5537
101,5538
94,5539
7,5540
126,5541
208,5542
92,5543
211,5544
95,5545
16,5546
215,5547
9,5548
43,5549
201,5550
225,5551
147,5552
4,5553
171,5554
224,5555
83,5556
142,5557
193,5558
156,5559
176,5560
37,5561
145,5562
131,5563
153,5564
170,5565
12,5566
89,5567
71,5568
23,5569
112,5570
178,5571
79,5572
188,5573
181,5574
217,5575
34,5576
32,5577
209,5578
21,5579
103,5580
158,5581
179,5582
63,5583
225,5584
78,5585
46,5586
85,5587
49,5588
18,5589
90,5590
88,5591
191,5592
181,5593
159,5594
36,5595
197,5596
2,5597
210,5598
185,5599
79,5600
31,5601
159,5602
164,5603
145,5604
25,5605
161,5606
99,5607
107,5608
82,5609
26,5610
23,5611
162,5612
129,5613
205,5614
109,5615
53,5616
148,5617
52,5618
54,5619
66,5620
208,5621
197,5622
11,5623
160,5624
25,5625
14,5626
62,5627
165,5628
64,5629
70,5630
133,5631
156,5632
11,5633
135,5634
200,5635
47,5636
55,5637
218,5638
40,5639
124,5640
141,5641
176,5642
158,5643
136,5644
208,5645
180,5646
183,5647
200,5648
82,5649
164,5650
151,5651
66,5652
182,5653
91,5654
114,5655
138,5656
189,5657
123,5658
201,5659
103,5660
16,5661
171,5662
94,5663
127,5664
66,5665
221,5666
41,5667
210,5668
61,5669
6,5670
83,5671
44,5672
180,5673
93,5674
111,5675
23,5676
117,5677
55,5678
201,5679
156,5680
166,5681
204,5682
107,5683
128,5684
106,5685
115,5686
161,5687
141,5688
140,5689
29,5690
134,5691
92,5692
179,5693
213,5694
96,5695
65,5696
83,5697
136,5698
56,5699
201,5700
91,5701
78,5702
54,5703
1,5704
9,5705
120,5706
156,5707
36,5708
117,5709
221,5710
28,5711
152,5712
16,5713
206,5714
175,5715
41,5716
215,5717
209,5718
56,5719
41,5720
78,5721
32,5722
80,5723
175,5724
13,5725
21,5726
179,5727
150,5728
144,5729
60,5730
58,5731
64,5732
70,5733
213,5734
45,5735
39,5736
170,5737
38,5738
60,5739
182,5740
35,5741
113,5742
65,5743
87,5744
141,5745
96,5746
77,5747
182,5748
143,5749
28,5750
104,5751
52,5752
211,5753
28,5754
83,5755
171,5756
128,5757
30,5758
130,5759
20,5760
156,5761
168,5762
189,5763
102,5764
213,5765
96,5766
85,5767
168,5768
201,5769
59,5770
138,5771
131,5772
121,5773
74,5774
182,5775
209,5776
10,5777
107,5778
105,5779
174,5780
44,5781
40,5782
44,5783
146,5784
209,5785
88,5786
35,5787
106,5788
111,5789
39,5790
132,5791
55,5792
72,5793
195,5794
117,5795
38,5796
188,5797
85,5798
164,5799
146,5800
220,5801
52,5802
209,5803
173,5804
87,5805
21,5806
85,5807
175,5808
179,5809
45,5810
183,5811
40,5812
58,5813
209,5814
121,5815
218,5816
172,5817
158,5818
165,5819
88,5820
15,5821
41,5822
217,5823
207,5824
65,5825
176,5826
220,5827
194,5828
217,5829
196,5830
211,5831
128,5832
20,5833
128,5834
194,5835
49,5836
172,5837
189,5838
147,5839
67,5840
12,5841
79,5842
204,5843
41,5844
61,5845
72,5846
66,5847
12,5848
36,5849
44,5850
175,5851
91,5852
128,5853
106,5854
172,5855
217,5856
51,5857
161,5858
29,5859
172,5860
8,5861
58,5862
58,5863
144,5864
4,5865
78,5866
185,5867
47,5868
139,5869
15,5870
162,5871
92,5872
145,5873
27,5874
24,5875
82,5876
208,5877
198,5878
126,5879
185,5880
196,5881
196,5882
107,5883
139,5884
115,5885
138,5886
49,5887
47,5888
34,5889
29,5890
18,5891
57,5892
98,5893
139,5894
16,5895
217,5896
152,5897
183,5898
91,5899
156,5900
190,5901
80,5902
20,5903
217,5904
155,5905
27,5906
164,5907
48,5908
217,5909
10,5910
22,5911
137,5912
58,5913
29,5914
221,5915
120,5916
165,5917
10,5918
137,5919
200,5920
223,5921
121,5922
105,5923
111,5924
188,5925
165,5926
118,5927
190,5928
59,5929
153,5930
177,5931
28,5932
13,5933
90,5934
151,5935
70,5936
191,5937
158,5938
218,5939
54,5940
170,5941
122,5942
167,5943
17,5944
104,5945
138,5946
5,5947
111,5948
85,5949
36,5950
181,5951
221,5952
177,5953
127,5954
142,5955
46,5956
92,5957
219,5958
160,5959
37,5960
5,5961
14,5962
84,5963
207,5964
45,5965
197,5966
129,5967
17,5968
67,5969
89,5970
116,5971
168,5972
207,5973
12,5974
71,5975
116,5976
140,5977
133,5978
191,5979
216,5980
172,5981
171,5982
3,5983
167,5984
41,5985
137,5986
115,5987
81,5988
154,5989
5,5990
188,5991
59,5992
221,5993
221,5994
